key,english,spanish,status,notes
brand.illumined,Illumined,Illumined,approved,Brand name is never translated
nav.home,Home,Inicio,approved,
nav.lessons,Lessons,Lecciones,approved,
nav.discussion,Discussion,Discusión,approved,
nav.formation,Formation,Formación,approved,
nav.more,More,Más,approved,
action.back,Back,Atrás,approved,
action.cancel,Cancel,Cancelar,approved,
action.save,Save,Guardar,approved,
action.save_settings,Save Settings,Guardar configuración,approved,
action.dismiss,Dismiss,Cerrar,approved,
action.delete,Delete,Eliminar,approved,
action.edit,Edit,Editar,approved,
action.import,Import,Importar,approved,
action.continue,Continue,Continuar,approved,
action.complete,Complete,Completar,approved,
action.mark_completed,Mark Completed,Marcar como completada,approved,Use masculine completado when the object is masculine
auth.sign_in,Sign In,Iniciar sesión,approved,
auth.sign_out,Sign Out,Cerrar sesión,approved,
auth.create_account,Create Account,Crear una cuenta,approved,
auth.email,Email,Correo electrónico,approved,
auth.password,Password,Contraseña,approved,
class.class,Class,Clase,approved,Means the formation group rather than a physical room
class.classroom,Classroom,Clase,approved,Avoid aula when referring to the group
class.instructor,Instructor,Instructor,approved,Use instructora when referring to a known female instructor
class.student,Student,Estudiante,approved,Gender neutral in this context
tool.instructor_tools,Instructor Tools,Herramientas del instructor,approved,
lesson.lesson,Lesson,Lección,approved,
lesson.lessons_and_quizzes,Lessons & Quizzes,Lecciones y cuestionarios,approved,
lesson.quiz,Quiz,Cuestionario,approved,
lesson.optional_quiz,Optional Quiz,Cuestionario opcional,approved,
lesson.definition,Definition,Definición,approved,
lesson.scriptural_references,Scriptural References,Referencias bíblicas,approved,
lesson.catechism_references,Catechism References,Referencias del Catecismo,approved,
lesson.proclamation,Proclamation,Proclamación,approved,
lesson.explanation,Explanation,Explicación,approved,
assignment.assignment,Assignment,Tarea,approved,
assignment.assignments,Assignments,Tareas,approved,
assignment.due_date,Due Date,Fecha de entrega,approved,
discussion.discussion,Discussion,Discusión,approved,
discussion.prompt,Discussion Prompt,Pregunta de discusión,approved,
discussion.reply,Reply,Respuesta,approved,
discussion.locked,Locked,Bloqueada,approved,Refers to discusión
prayer.prayer,Prayer,Oración,approved,
prayer.prayer_request,Prayer Request,Petición de oración,approved,
prayer.rosary,Rosary,Santo Rosario,approved,
prayer.lectio_divina,Lectio Divina,Lectio Divina,approved,Retain the established Latin name
prayer.liturgy_hours,Liturgy of the Hours,Liturgia de las Horas,approved,
formation.spiritual_formation,Spiritual Formation,Formación espiritual,approved,
formation.spiritual_practices,Spiritual Practices,Prácticas espirituales,approved,
formation.daily_formation,Daily Formation,Formación diaria,approved,
formation.saint_day,Saint of the Day,Santo del día,approved,
formation.fact_day,Fact of the Day,Dato del día,approved,
formation.note_day,Note of the Day,Nota del día,approved,
church.sacred_scripture,Sacred Scripture,Sagrada Escritura,approved,
church.sacred_tradition,Sacred Tradition,Sagrada Tradición,approved,
church.magisterium,Magisterium,Magisterio,approved,
church.catechism,Catechism of the Catholic Church,Catecismo de la Iglesia Católica,approved,
church.mass,Mass,Santa Misa,approved,
church.eucharist,Eucharist,Eucaristía,approved,
church.sacrament,Sacrament,Sacramento,approved,
church.ocia,Order of Christian Initiation of Adults,Orden de la Iniciación Cristiana de Adultos,review,Confirm the preferred official acronym and wording for the target dioceses before release
